PIN,Name,Phone,City,State,Status
542446,Anil Khan,9172313951,Nellore,Andhra Pradesh,Active
519773,Priya Reddy,9465129829,Karimnagar,Telangana,Verified
551751,Lakshmi Kumar,9708579269,Hyderabad,Telangana,Active
585320,Divya Devi,9127381374,Tirupati,Andhra Pradesh,Active
506329,Pooja Patel,9259504871,Vijayawada,Andhra Pradesh,Verified
509495,Divya Devi,9491017514,Warangal,Telangana,Pending
570240,Lakshmi Begum,9600352373,Tirupati,Andhra Pradesh,Pending
512338,Meena Reddy,9254744982,Karimnagar,Telangana,Active
547932,Imran Begum,9989976686,Guntur,Andhra Pradesh,Verified
576388,Karthik Kumar,9320347933,Anantapur,Andhra Pradesh,Verified
507603,Kiran Singh,9129036651,Guntur,Andhra Pradesh,Verified
566511,Sita Naidu,9656624390,Warangal,Telangana,Pending
528141,Divya Khan,9671866729,Anantapur,Andhra Pradesh,Verified
504915,Fatima Devi,9971353560,Guntur,Andhra Pradesh,Active
511266,Arjun Khan,9314660300,Vijayawada,Andhra Pradesh,Verified
556839,Divya Kumar,9129997207,Karimnagar,Telangana,Pending
554811,Imran Khan,9843589769,Karimnagar,Telangana,Verified
509157,Rahul Rao,9491524801,Guntur,Andhra Pradesh,Active
531545,Lakshmi Khan,9604744541,Vijayawada,Andhra Pradesh,Active
511890,Suresh Begum,9770086184,Guntur,Andhra Pradesh,Verified
572227,Nisha Rao,9958610934,Hyderabad,Telangana,Verified
555643,Lakshmi Patel,9939991324,Tirupati,Andhra Pradesh,Verified
507748,Nisha Sharma,9565923499,Vijayawada,Andhra Pradesh,Verified
574116,Sita Patel,9597314843,Guntur,Andhra Pradesh,Pending
516227,Priya Sharma,9236406413,Tirupati,Andhra Pradesh,Active
529261,Ramesh Begum,9965974909,Anantapur,Andhra Pradesh,Verified
582658,Pooja Devi,9609336875,Anantapur,Andhra Pradesh,Verified
582239,Kiran Singh,9688717143,Guntur,Andhra Pradesh,Active
576415,Ravi Reddy,9665412094,Hyderabad,Telangana,Verified
508109,Sneha Khan,9987077445,Anantapur,Andhra Pradesh,Active
575643,Imran Khan,9414570548,Hyderabad,Telangana,Verified
576749,Ramesh Rao,9378490828,Vijayawada,Andhra Pradesh,Verified
551994,Kiran Kumar,9894485254,Nellore,Andhra Pradesh,Pending
506500,Ramesh Singh,9551646166,Karimnagar,Telangana,Verified
528978,Ayesha Sharma,9662110918,Anantapur,Andhra Pradesh,Verified
506106,Rahul Sharma,9753430573,Hyderabad,Telangana,Active
572964,Priya Sharma,9608409165,Anantapur,Andhra Pradesh,Verified
517456,Ayesha Kumar,9450020665,Tirupati,Andhra Pradesh,Verified
537960,Lakshmi Singh,9161012773,Karimnagar,Telangana,Active
554938,Imran Kumar,9929209046,Vijayawada,Andhra Pradesh,Active
518908,Ayesha Kumar,9916036417,Karimnagar,Telangana,Active
570869,Vijay Devi,9642833537,Karimnagar,Telangana,Verified
515440,Imran Begum,9645628515,Vijayawada,Andhra Pradesh,Verified
574831,Karthik Khan,9850779486,Karimnagar,Telangana,Verified
540434,Ayesha Khan,9580529775,Warangal,Telangana,Active
573435,Lakshmi Patel,9574720684,Nellore,Andhra Pradesh,Pending
589392,Fatima Patel,9178512827,Tirupati,Andhra Pradesh,Active
523689,Lakshmi Sharma,9868927867,Warangal,Telangana,Verified
513508,Kiran Naidu,9247376007,Guntur,Andhra Pradesh,Pending
576232,Lakshmi Patel,9623192278,Vijayawada,Andhra Pradesh,Active
574869,Priya Patel,9653626718,Vijayawada,Andhra Pradesh,Pending
583744,Sneha Khan,9482912221,Guntur,Andhra Pradesh,Pending
524625,Divya Kumar,9462902921,Tirupati,Andhra Pradesh,Verified
548811,Rahul Kumar,9512686830,Karimnagar,Telangana,Pending
512771,Karthik Reddy,9221171715,Warangal,Telangana,Active
571794,Sita Naidu,9391972375,Tirupati,Andhra Pradesh,Active
593338,Imran Sharma,9980229140,Anantapur,Andhra Pradesh,Pending
508230,Arjun Sharma,9676168666,Warangal,Telangana,Verified
573973,Vijay Reddy,9399640865,Karimnagar,Telangana,Active
507813,Sneha Reddy,9388754324,Anantapur,Andhra Pradesh,Active
581135,Imran Reddy,9753025528,Tirupati,Andhra Pradesh,Active
526996,Imran Reddy,9587235608,Tirupati,Andhra Pradesh,Active
565067,Ayesha Patel,9387612212,Guntur,Andhra Pradesh,Verified
589182,Anil Singh,9861859251,Anantapur,Andhra Pradesh,Active
569694,Priya Naidu,9154094810,Tirupati,Andhra Pradesh,Active
556046,Meena Naidu,9670249079,Vijayawada,Andhra Pradesh,Active
541176,Rahul Singh,9821723300,Warangal,Telangana,Active
561028,Divya Kumar,9368917310,Warangal,Telangana,Active
576751,Ravi Singh,9691684493,Hyderabad,Telangana,Active
559400,Fatima Begum,9214118726,Karimnagar,Telangana,Verified
547394,Nisha Singh,9996159882,Nellore,Andhra Pradesh,Pending
539292,Suresh Khan,9467976293,Warangal,Telangana,Active
532562,Arjun Rao,9158399240,Anantapur,Andhra Pradesh,Active
523563,Sita Naidu,9562504317,Hyderabad,Telangana,Active
591619,Sita Patel,9643252063,Hyderabad,Telangana,Verified
531995,Pooja Khan,9843765415,Warangal,Telangana,Pending
510729,Rahul Sharma,9269149705,Hyderabad,Telangana,Pending
575291,Ravi Naidu,9490993793,Karimnagar,Telangana,Pending
539355,Fatima Kumar,9432374551,Guntur,Andhra Pradesh,Active
568839,Priya Kumar,9460060835,Guntur,Andhra Pradesh,Pending
564896,Nisha Naidu,9639838738,Tirupati,Andhra Pradesh,Verified
545021,Fatima Singh,9933479291,Vijayawada,Andhra Pradesh,Active
595610,Imran Reddy,9254474023,Tirupati,Andhra Pradesh,Pending
558830,Arjun Kumar,9421742505,Hyderabad,Telangana,Pending
537741,Sita Devi,9668212944,Vijayawada,Andhra Pradesh,Active
579818,Vijay Begum,9260484838,Nellore,Andhra Pradesh,Pending
509595,Anil Singh,9773592740,Anantapur,Andhra Pradesh,Pending
515476,Karthik Singh,9710400208,Anantapur,Andhra Pradesh,Active
567101,Sita Kumar,9144949090,Vijayawada,Andhra Pradesh,Active
554805,Lakshmi Patel,9997456176,Guntur,Andhra Pradesh,Pending
521622,Ravi Singh,9830857592,Hyderabad,Telangana,Active
599240,Imran Kumar,9590644740,Karimnagar,Telangana,Active
544834,Karthik Reddy,9900719241,Tirupati,Andhra Pradesh,Verified
519921,Imran Reddy,9385140975,Karimnagar,Telangana,Active
564090,Fatima Begum,9630373463,Vijayawada,Andhra Pradesh,Pending
555273,Nisha Naidu,9923527883,Tirupati,Andhra Pradesh,Active
505139,Sita Devi,9258296470,Vijayawada,Andhra Pradesh,Pending
587585,Meena Devi,9709629482,Warangal,Telangana,Active
510174,Nisha Kumar,9621621687,Hyderabad,Telangana,Pending
573149,Suresh Begum,9412304764,Tirupati,Andhra Pradesh,Verified
575108,Rahul Begum,9600727853,Warangal,Telangana,Active
541124,Meena Reddy,9607821010,Vijayawada,Andhra Pradesh,Active
544581,Rahul Reddy,9980358440,Warangal,Telangana,Verified
591134,Imran Patel,9325310994,Karimnagar,Telangana,Active
545899,Ramesh Reddy,9252192893,Tirupati,Andhra Pradesh,Verified
577906,Divya Sharma,9747859029,Warangal,Telangana,Verified
565101,Lakshmi Rao,9348446255,Warangal,Telangana,Pending
576009,Arjun Kumar,9270795036,Karimnagar,Telangana,Active
559796,Rahul Patel,9424217457,Karimnagar,Telangana,Verified
509013,Sneha Rao,9503840901,Anantapur,Andhra Pradesh,Pending
512268,Vijay Kumar,9448480313,Tirupati,Andhra Pradesh,Pending
535382,Lakshmi Khan,9865603224,Nellore,Andhra Pradesh,Active
562142,Imran Rao,9169768902,Warangal,Telangana,Pending
591363,Ramesh Reddy,9487308683,Nellore,Andhra Pradesh,Pending
587052,Anil Naidu,9209210128,Warangal,Telangana,Active
508520,Kiran Khan,9385323284,Warangal,Telangana,Pending
507953,Suresh Rao,9943040526,Guntur,Andhra Pradesh,Pending
595835,Arjun Singh,9689729236,Hyderabad,Telangana,Active
591946,Anil Patel,9584107688,Tirupati,Andhra Pradesh,Verified
540581,Meena Begum,9152588544,Anantapur,Andhra Pradesh,Verified
584821,Priya Begum,9545459676,Anantapur,Andhra Pradesh,Pending
575753,Meena Naidu,9893530107,Warangal,Telangana,Verified
589292,Arjun Khan,9423020508,Warangal,Telangana,Pending
558412,Lakshmi Sharma,9790636148,Nellore,Andhra Pradesh,Active
537303,Suresh Singh,9971692124,Tirupati,Andhra Pradesh,Pending
593930,Rahul Rao,9915236179,Vijayawada,Andhra Pradesh,Pending
550567,Kiran Singh,9306595549,Nellore,Andhra Pradesh,Active
587642,Priya Rao,9696865256,Tirupati,Andhra Pradesh,Active
545483,Fatima Rao,9377409322,Guntur,Andhra Pradesh,Verified
502958,Ravi Patel,9511069044,Vijayawada,Andhra Pradesh,Pending
560516,Arjun Naidu,9463142814,Vijayawada,Andhra Pradesh,Active
546592,Imran Devi,9486703003,Karimnagar,Telangana,Active
522027,Sita Naidu,9366775073,Vijayawada,Andhra Pradesh,Pending
580075,Rahul Patel,9435024640,Nellore,Andhra Pradesh,Active
515348,Anil Patel,9861832472,Anantapur,Andhra Pradesh,Pending
564710,Ravi Reddy,9520392568,Karimnagar,Telangana,Verified
507728,Rahul Khan,9940854936,Karimnagar,Telangana,Active
528601,Kiran Sharma,9660885798,Vijayawada,Andhra Pradesh,Verified
537675,Rahul Reddy,9692169593,Tirupati,Andhra Pradesh,Active
516953,Kiran Khan,9711369571,Hyderabad,Telangana,Active
596779,Kiran Naidu,9667207488,Warangal,Telangana,Verified
532456,Lakshmi Reddy,9175539787,Nellore,Andhra Pradesh,Pending
552154,Arjun Naidu,9340070455,Vijayawada,Andhra Pradesh,Verified
551243,Ravi Singh,9423756025,Hyderabad,Telangana,Pending
565079,Vijay Khan,9610354022,Warangal,Telangana,Verified
510562,Ayesha Khan,9131440074,Vijayawada,Andhra Pradesh,Pending
521806,Anil Kumar,9308429638,Warangal,Telangana,Pending
558876,Sita Naidu,9344641885,Nellore,Andhra Pradesh,Verified
552645,Divya Khan,9629294005,Nellore,Andhra Pradesh,Active
572017,Sneha Rao,9832900394,Guntur,Andhra Pradesh,Pending
536417,Ravi Naidu,9893633959,Vijayawada,Andhra Pradesh,Verified
517948,Suresh Begum,9315192683,Tirupati,Andhra Pradesh,Pending
556430,Fatima Begum,9337772408,Vijayawada,Andhra Pradesh,Pending
572119,Lakshmi Devi,9632323320,Warangal,Telangana,Verified
536494,Fatima Begum,9547781560,Anantapur,Andhra Pradesh,Verified
592589,Pooja Sharma,9522474439,Hyderabad,Telangana,Active
554434,Ravi Devi,9252375858,Vijayawada,Andhra Pradesh,Pending
547025,Anil Sharma,9522325957,Hyderabad,Telangana,Pending
589486,Lakshmi Reddy,9277847876,Guntur,Andhra Pradesh,Pending
549866,Priya Singh,9901342584,Vijayawada,Andhra Pradesh,Pending
530246,Meena Patel,9501454473,Hyderabad,Telangana,Pending
519782,Priya Reddy,9103082418,Karimnagar,Telangana,Active
510877,Sita Rao,9551168229,Warangal,Telangana,Active
523098,Arjun Rao,9925419790,Vijayawada,Andhra Pradesh,Pending
519831,Sita Kumar,9857263389,Nellore,Andhra Pradesh,Pending
530404,Divya Singh,9579261983,Vijayawada,Andhra Pradesh,Active
586314,Divya Begum,9132515111,Guntur,Andhra Pradesh,Verified
530584,Fatima Patel,9143647055,Nellore,Andhra Pradesh,Pending
501582,Rahul Reddy,9962577693,Hyderabad,Telangana,Active
563566,Suresh Reddy,9750275541,Warangal,Telangana,Pending
577218,Imran Rao,9762475607,Guntur,Andhra Pradesh,Active
523901,Vijay Naidu,9419337133,Warangal,Telangana,Active
534439,Ravi Khan,9215171016,Tirupati,Andhra Pradesh,Pending
536954,Arjun Naidu,9561642499,Karimnagar,Telangana,Pending
500537,Nisha Sharma,9109347112,Anantapur,Andhra Pradesh,Verified
519095,Kiran Devi,9353556093,Warangal,Telangana,Pending
554913,Rahul Rao,9941634309,Guntur,Andhra Pradesh,Verified
570070,Karthik Khan,9520569001,Tirupati,Andhra Pradesh,Active
548399,Sneha Reddy,9797444707,Vijayawada,Andhra Pradesh,Active
579930,Ayesha Singh,9449780371,Karimnagar,Telangana,Active
574232,Lakshmi Reddy,9384424887,Nellore,Andhra Pradesh,Verified
541762,Suresh Reddy,9552110031,Tirupati,Andhra Pradesh,Pending
516449,Priya Khan,9242733744,Karimnagar,Telangana,Pending
590505,Pooja Khan,9903134235,Karimnagar,Telangana,Verified
567567,Meena Naidu,9400000146,Tirupati,Andhra Pradesh,Verified
580950,Divya Naidu,9892493869,Warangal,Telangana,Pending
585848,Rahul Khan,9299432962,Vijayawada,Andhra Pradesh,Active
588631,Kiran Naidu,9720924237,Vijayawada,Andhra Pradesh,Active
596966,Sita Patel,9370211148,Guntur,Andhra Pradesh,Active
507077,Lakshmi Begum,9139753296,Vijayawada,Andhra Pradesh,Active
559854,Nisha Khan,9581355402,Hyderabad,Telangana,Pending
589205,Meena Khan,9228007885,Hyderabad,Telangana,Active
573305,Pooja Devi,9308479435,Vijayawada,Andhra Pradesh,Active
551430,Karthik Sharma,9582232329,Guntur,Andhra Pradesh,Verified
552176,Ravi Reddy,9784464559,Warangal,Telangana,Verified
552295,Suresh Kumar,9495897797,Guntur,Andhra Pradesh,Pending
551659,Anil Khan,9373711473,Anantapur,Andhra Pradesh,Active
513571,Ravi Rao,9539154922,Vijayawada,Andhra Pradesh,Verified
563115,Priya Devi,9435217616,Guntur,Andhra Pradesh,Active
583138,Anil Begum,9688458656,Vijayawada,Andhra Pradesh,Pending